location,quarter,new_vaccinations_smoothed,new_cases_smoothed,total_boosters
Afghanistan,2023Q1,801803.0,135.143,760745.0
Africa,2021Q4,118880575.0,1146409.574,863272.0
Africa,2022Q1,137674040.0,2204600.719,17868465.0
Africa,2022Q2,109235190.0,578629.146,11095815.0
Africa,2022Q3,92584344.0,377599.142,21152093.0
Africa,2022Q4,99360962.0,125862.57400000001,12974669.0
Africa,2023Q1,28914298.0,61358.86,12113892.0
Albania,2021Q4,203908.0,12169.574,141189.0
Albania,2022Q1,123866.0,12629.426,115767.0
Albania,2022Q2,22265.0,714.716,53869.0
Albania,2022Q3,5540.0,4025.714,26230.0
Albania,2022Q4,3059.0,83.857,13935.0
Albania,2023Q1,1781.0,49.143,6051.0
Algeria,2021Q4,138775.0,464.14300000000003,12214.0
Algeria,2022Q1,31371.0,807.858,116685.0
Algeria,2022Q2,206290.0,9.0,0.0
Algeria,2022Q3,628.0,35.857,0.0
Andorra,2021Q4,1436.0,373.0,239.0
Andorra,2022Q1,913.0,617.001,16231.0
Andorra,2022Q2,102.0,309.145,996.0
Andorra,2022Q3,45.0,151.285,744.0
Andorra,2022Q4,59.0,46.714,80.0
Andorra,2023Q1,12.0,2.714,0.0
Angola,2022Q1,212758.0,60.001,168356.0
Angola,2022Q2,237233.0,130.428,404003.0
Angola,2022Q3,193064.0,146.572,306885.0
Angola,2022Q4,135852.0,202.143,329970.0
Angola,2023Q1,79316.0,11.142,210823.0
Anguilla,2021Q4,193.0,28.715,319.0
Anguilla,2022Q1,258.0,117.855,911.0
Anguilla,2022Q2,95.0,57.287,300.0
Anguilla,2022Q3,2.0,18.286,11.0
Anguilla,2022Q4,3.0,0.143,0.0
Anguilla,2023Q1,11.0,0.0,306.0
Antigua and Barbuda,2022Q3,201.0,4.857,0.0
Argentina,2020Q4,31555.0,16143.714,0.0
Argentina,2021Q1,3888465.0,761474.426,97.0
Argentina,2021Q2,16933161.0,2103224.86,321.0
Argentina,2021Q3,31459428.0,811270.573,2062.0
Argentina,2021Q4,25022238.0,329482.71499999997,6178692.0
Argentina,2022Q1,19736203.0,3371241.713,13267768.0
Argentina,2022Q2,9138886.0,338399.136,8365126.0
Argentina,2022Q3,3555837.0,347944.868,2959893.0
Argentina,2022Q4,2945678.0,183359.298,2899862.0
Argentina,2023Q1,2348507.0,153818.0,2049456.0
Armenia,2021Q4,11444.0,120.714,0.0
Armenia,2022Q1,51625.0,7938.428,33191.0
Armenia,2022Q2,3139.0,34.856,876.0
Asia,2021Q1,146354441.0,3332840.716,1.0
Asia,2021Q2,1592629922.0,27449334.286,298898.0
Asia,2021Q3,2358486218.0,20010358.142,18334405.0
Asia,2021Q4,1983865175.0,9181364.717,188363943.0
Asia,2022Q1,1536125917.0,52763695.712,874608390.0
Asia,2022Q2,540991860.0,17985590.14,253714228.0
Asia,2022Q3,453864089.0,28054277.142,302337596.0
Asia,2022Q4,202777801.0,80756020.572,96719617.0
Asia,2023Q1,84798363.0,30735480.284,39718220.0
Australia,2021Q4,13225570.0,183955.434,2380205.0
Australia,2022Q1,13747146.0,3761422.715,10381937.0
Australia,2022Q2,3956424.0,3874025.142,3306257.0
Australia,2022Q3,2607997.0,1859300.857,2864514.0
Australia,2022Q4,60078.0,97473.571,398272.0
Australia,2023Q1,11990.0,37459.143,69120.0
Austria,2021Q1,202925.0,17838.144,91.0
Austria,2021Q2,863492.0,17509.858,970.0
Austria,2021Q3,478903.0,11656.286,51825.0
Austria,2021Q4,806138.0,77523.144,3904959.0
Austria,2022Q1,229931.0,340465.859,902125.0
Austria,2022Q2,44220.0,104820.145,139100.0
Austria,2022Q3,112890.0,104702.286,90166.0
Austria,2022Q4,137795.0,83162.85800000001,44848.0
Austria,2023Q1,11250.0,26953.57,3759.0
Azerbaijan,2021Q4,1436239.0,74598.145,1015138.0
Azerbaijan,2022Q1,1514651.0,121174.003,1578337.0
Azerbaijan,2022Q2,211824.0,831.0,200393.0
Azerbaijan,2022Q3,57510.0,10830.43,52628.0
Bahamas,2021Q4,994.0,38.429,0.0
Bahamas,2022Q1,3533.0,968.572,13282.0
Bahamas,2022Q2,355.0,22.143,671.0
Bahamas,2022Q3,1987.0,111.0,3888.0
Bahamas,2022Q4,218.0,7.857,1113.0
Bahrain,2021Q4,109941.0,1932.999,76636.0
Bahrain,2022Q1,167745.0,134066.572,124461.0
Bahrain,2022Q2,12725.0,35902.716,16691.0
Bahrain,2022Q3,16230.0,53903.713,11703.0
Bahrain,2022Q4,4862.0,16107.857,4199.0
Bangladesh,2022Q1,47147757.0,89759.145,9276142.0
Bangladesh,2022Q2,14294730.0,5718.716,19088940.0
Bangladesh,2022Q3,8360701.0,20721.429,16090420.0
Bangladesh,2022Q4,9223073.0,3059.286,11117107.0
Bangladesh,2023Q1,7695511.0,294.714,6802378.0
Barbados,2022Q4,5736.0,271.71500000000003,664.0
Barbados,2023Q1,20.0,39.571,620.0
Belarus,2021Q4,77113.0,1601.857,0.0
Belarus,2022Q1,147740.0,4693.143,358658.0
Belarus,2022Q2,158650.0,2492.856,159618.0
Belarus,2022Q3,153598.0,0.0,2178163.0
Belarus,2022Q4,95065.0,0.0,1198025.0
Belarus,2023Q1,78712.0,0.0,12062.0
Belgium,2021Q3,372072.0,43790.143,139159.0
Belgium,2021Q4,4780952.0,834226.002,4231862.0
Belgium,2022Q1,3702936.0,1745553.149,2952634.0
Belgium,2022Q2,407522.0,415951.861,373048.0
Belgium,2022Q3,1629744.0,310550.284,1931820.0
Belgium,2022Q4,2272037.0,139728.711,1899700.0
Belgium,2023Q1,37031.0,39998.43,34258.0
Belize,2022Q1,2468.0,632.572,8170.0
Belize,2022Q2,3154.0,804.713,6137.0
Belize,2022Q3,1254.0,718.7139999999999,1040.0
Belize,2022Q4,196.0,36.144,128.0
Belize,2023Q1,58.0,128.571,212.0
Bermuda,2021Q4,2113.0,33.286,14755.0
Bermuda,2022Q1,1902.0,807.571,9841.0
Bermuda,2022Q2,177.0,118.857,2470.0
Bermuda,2022Q3,9.0,34.143,0.0
Bhutan,2022Q1,13586.0,1213.715,175608.0
Bhutan,2022Q2,15031.0,3468.285,12605.0
Bhutan,2022Q3,8842.0,242.428,56398.0
Bhutan,2022Q4,5119.0,58.714,5945.0
Bolivia,2021Q4,2658716.0,76861.854,536575.0
Bolivia,2022Q1,3450307.0,321211.569,681541.0
Bolivia,2022Q2,860837.0,19117.861,475826.0
Bolivia,2022Q3,707067.0,187458.711,433829.0
Bolivia,2022Q4,29028.0,450.71299999999997,9002.0
Bosnia and Herzegovina,2021Q4,4315.0,616.429,0.0
Bosnia and Herzegovina,2022Q1,4315.0,2349.857,0.0
Botswana,2022Q1,22859.0,6523.0,157411.0
Botswana,2022Q2,95961.0,1507.857,79541.0
Botswana,2022Q3,5128.0,64.857,14642.0
Botswana,2022Q4,31270.0,151.857,32470.0
Botswana,2023Q1,1444.0,60.286,2228.0
Brazil,2021Q3,42221936.0,610775.0,1095018.0
Brazil,2021Q4,93769120.0,894917.282,25268779.0
Brazil,2022Q1,80575965.0,7454126.0,51964701.0
Brazil,2022Q2,33716463.0,1928567.285,27159256.0
Brazil,2022Q3,12310579.0,1391752.429,11718923.0
Brazil,2022Q4,5037931.0,1105364.713,3817543.0
Brazil,2023Q1,3437044.0,555195.0,3485774.0
British Virgin Islands,2022Q1,265.0,0.0,0.0
British Virgin Islands,2022Q2,67.0,91.0,0.0
British Virgin Islands,2022Q3,18.0,50.0,0.0
Brunei,2022Q1,5144.0,3594.571,142044.0
Brunei,2022Q2,11266.0,2425.857,42669.0
Brunei,2022Q3,2907.0,907.285,6902.0
Brunei,2022Q4,496.0,2047.571,1435.0
Brunei,2023Q1,236.0,330.286,437.0
Bulgaria,2021Q4,226625.0,34206.284,262766.0
Bulgaria,2022Q1,665049.0,387756.853,448067.0
Bulgaria,2022Q2,48058.0,28059.57,41463.0
Bulgaria,2022Q3,2443.0,1276.714,51.0
Burundi,2022Q2,90.0,37.572,2.0
Burundi,2022Q3,477.0,727.2860000000001,32.0
Burundi,2022Q4,973.0,180.857,240.0
Burundi,2023Q1,365.0,47.0,8.0
Cambodia,2021Q3,11032553.0,30063.0,881904.0
Cambodia,2021Q4,6264722.0,11244.999,2689856.0
Cambodia,2022Q1,4358767.0,7264.143,4434336.0
Cambodia,2022Q2,251051.0,22.0,1339211.0
Cambodia,2022Q3,8440.0,140.714,654825.0
Cambodia,2022Q4,655806.0,65.999,212008.0
Cambodia,2023Q1,116043.0,19.0,157850.0
Cameroon,2022Q1,23800.0,18.571,0.0
Cameroon,2022Q2,19539.0,32.856,1060.0
Cameroon,2022Q3,855.0,16.142,0.0
Cameroon,2022Q4,267561.0,32.858000000000004,393555.0
Cameroon,2023Q1,13402.0,24.429000000000002,53265.0
Canada,2021Q1,4107752.0,159351.571,24.0
Canada,2021Q2,30746222.0,455408.426,1282.0
Canada,2021Q3,20134962.0,191005.428,188287.0
Canada,2021Q4,11784666.0,410599.146,7452117.0
Canada,2022Q1,14222761.0,1430585.715,10659588.0
Canada,2022Q2,4138777.0,477531.572,3594166.0
Canada,2022Q3,3402841.0,294377.277,3158694.0
Canada,2022Q4,6020919.0,224471.842,4687426.0
Canada,2023Q1,658775.0,67937.426,473209.0
Cape Verde,2022Q2,1217.0,169.572,147.0
Cape Verde,2022Q3,5619.0,123.714,515.0
Cayman Islands,2022Q1,62.0,38.571,0.0
Cayman Islands,2022Q2,531.0,715.2860000000001,787.0
Cayman Islands,2022Q3,270.0,412.288,261.0
Cayman Islands,2022Q4,28.0,30.143,0.0
Cayman Islands,2023Q1,20.0,0.0,0.0
Central African Republic,2022Q3,25689.0,16.571,201982.0
Central African Republic,2022Q4,62268.0,32.713,0.0
Central African Republic,2023Q1,16017.0,0.9999999999999999,12726.0
Chad,2023Q1,74633.0,3.715,9501.0
Chile,2021Q3,5592689.0,31089.003,3351197.0
Chile,2021Q4,11956490.0,149498.57,7611385.0
Chile,2022Q1,6818999.0,1646387.716,5071039.0
Chile,2022Q2,8590028.0,507952.855,8290796.0
Chile,2022Q3,3116684.0,654534.286,2700358.0
Chile,2022Q4,254807.0,403851.571,204428.0
Chile,2023Q1,62257.0,99559.999,54315.0
China,2021Q4,39959142.0,391.572,82607000.0
China,2022Q1,37424001.0,66525.857,363936000.0
China,2022Q2,21599716.0,572244.857,84332000.0
China,2022Q3,2534143.0,189469.142,13851000.0
China,2022Q4,1288858.0,489640.001,7886000.0
China,2023Q1,1425143.0,875927.0,1058000.0
Colombia,2021Q4,1728953.0,21556.571,647271.0
Colombia,2022Q1,11484769.0,764080.425,7039938.0
Colombia,2022Q2,1258446.0,7646.571,2426064.0
Colombia,2022Q3,137132.0,11289.286,524630.0
Colombia,2022Q4,145911.0,540.001,406073.0
Colombia,2023Q1,31874.0,1873.428,61158.0
Cook Islands,2022Q2,1436.0,153.143,146.0
Cook Islands,2022Q4,109.0,0.0,3.0
Cook Islands,2023Q1,1.0,0.286,0.0
Costa Rica,2021Q4,201495.0,1878.286,288478.0
Costa Rica,2022Q1,344276.0,38036.285,1478586.0
Costa Rica,2022Q2,122458.0,6011.571,352651.0
Costa Rica,2022Q3,67562.0,12172.572,146226.0
Costa Rica,2022Q4,47093.0,3413.714,182633.0
Costa Rica,2023Q1,10840.0,1524.571,41142.0
Cote d'Ivoire,2022Q2,182437.0,53.285,39743.0
Cote d'Ivoire,2022Q3,226338.0,242.0,854942.0
Cote d'Ivoire,2022Q4,171418.0,21.715,788620.0
Cote d'Ivoire,2023Q1,68778.0,8.572,584653.0
Croatia,2022Q1,15170.0,5390.571,0.0
Cuba,2021Q4,994940.0,994.716,1282600.0
Cuba,2022Q1,4840270.0,114316.572,4077373.0
Cuba,2022Q2,2970255.0,15101.855,1083318.0
Cuba,2022Q3,2961168.0,4587.855,1175675.0
Cuba,2022Q4,572981.0,575.002,92903.0
Cuba,2023Q1,806091.0,562.716,31908.0
Curacao,2021Q4,3156.0,551.572,494.0
Curacao,2022Q1,30476.0,19619.284,22961.0
Curacao,2022Q2,5361.0,3257.715,5582.0
Curacao,2022Q3,1108.0,617.137,1066.0
Curacao,2022Q4,159.0,91.57000000000001,72.0
Cyprus,2021Q4,139483.0,10504.57,256157.0
Cyprus,2022Q1,91642.0,69805.573,112093.0
Cyprus,2022Q2,1414.0,8436.714,9569.0
Cyprus,2022Q3,257.0,2955.143,1776.0
Cyprus,2022Q4,35.0,494.286,0.0
Czechia,2021Q2,3340856.0,9777.289,2.0
Czechia,2021Q3,3807263.0,23439.714,6022.0
Czechia,2021Q4,3530798.0,787882.43,2401385.0
Czechia,2022Q1,2133609.0,1552261.142,1687588.0
Czechia,2022Q2,174874.0,161715.995,133044.0
Czechia,2022Q3,388071.0,234732.568,392240.0
Czechia,2022Q4,534773.0,130707.289,503362.0
Czechia,2023Q1,30545.0,40881.002,28618.0
Denmark,2021Q1,549476.0,23729.715,39.0
Denmark,2021Q2,3955641.0,65388.717,205.0
Denmark,2021Q3,3739635.0,64329.852,55576.0
Denmark,2021Q4,3111069.0,371298.852,2655712.0
Denmark,2022Q1,1263910.0,2311562.283,840677.0
Denmark,2022Q2,58504.0,121443.994,45080.0
Denmark,2022Q3,22155.0,130522.28199999999,16300.0
Denmark,2022Q4,26627.0,90435.287,22807.0
Denmark,2023Q1,3859.0,19679.711,2523.0
Dominica,2022Q1,521.0,13.429,0.0
Dominica,2022Q2,677.0,504.715,0.0
Dominica,2022Q3,16.0,127.857,0.0
Dominica,2022Q4,1.0,1.857,0.0
Dominican Republic,2021Q3,4079719.0,33604.145,937249.0
Dominican Republic,2021Q4,2172264.0,55572.141,495920.0
Dominican Republic,2022Q1,1279495.0,153154.287,848795.0
Dominican Republic,2022Q2,247398.0,24349.139,79825.0
Dominican Republic,2022Q3,233231.0,38180.286,83446.0
Dominican Republic,2022Q4,113656.0,8896.142,46919.0
Dominican Republic,2023Q1,18746.0,532.571,22143.0
Ecuador,2021Q4,5995289.0,29612.861,1121750.0
Ecuador,2022Q1,5822685.0,315279.715,4159689.0
Ecuador,2022Q2,2456420.0,42965.573,1859048.0
Ecuador,2022Q3,1392988.0,81547.86,1272045.0
Ecuador,2022Q4,104217.0,4641.141,435448.0
Ecuador,2023Q1,37218.0,3450.571,173842.0
Egypt,2022Q1,1614345.0,7715.713,1170956.0
Egypt,2022Q2,1589988.0,746.999,3386626.0
Egypt,2022Q3,1060972.0,167.572,3022298.0
Egypt,2022Q4,149163.0,11.142,448663.0
Egypt,2023Q1,414156.0,18.143,2520233.0
El Salvador,2021Q3,143257.0,1848.286,56125.0
El Salvador,2021Q4,994358.0,7211.7119999999995,902157.0
El Salvador,2022Q1,144150.0,5636.713,554972.0
El Salvador,2022Q2,68141.0,330.286,382031.0
El Salvador,2022Q3,11604.0,0.0,110214.0
El Salvador,2022Q4,2370.0,0.0,0.0
Equatorial Guinea,2022Q2,326.0,9.143,1376.0
Equatorial Guinea,2022Q3,149.0,4.714,0.0
Estonia,2021Q1,253022.0,74875.435,2289.0
Estonia,2021Q2,677385.0,27543.145,12019.0
Estonia,2021Q3,429293.0,23343.289,17228.0
Estonia,2021Q4,434047.0,84249.714,299296.0
Estonia,2022Q1,174482.0,316202.574,136300.0
Estonia,2022Q2,22681.0,27899.144,18401.0
Estonia,2022Q3,55721.0,19264.138,56558.0
Estonia,2022Q4,51470.0,9906.141,46955.0
Estonia,2023Q1,9312.0,3548.855,8599.0
Eswatini,2022Q1,500.0,17.0,0.0
Eswatini,2022Q2,0.0,37.857,0.0
Eswatini,2022Q3,10528.0,19.142,81187.0
Eswatini,2022Q4,0.0,7.714,0.0
Eswatini,2023Q1,2313.0,18.0,6868.0
Ethiopia,2022Q1,1526.0,24.286,0.0
Ethiopia,2022Q2,3148511.0,1668.5710000000001,1490303.0
Ethiopia,2022Q3,4576.0,66.429,0.0
Ethiopia,2023Q1,5741.0,30.429,0.0
Europe,2021Q1,119518064.0,15942719.001,37033.0
Europe,2021Q2,379181868.0,9026611.427,114988.0
Europe,2021Q3,299503232.0,10841114.71,5529885.0
Europe,2021Q4,298095010.0,26762512.858,173069556.0
Europe,2022Q1,163218647.0,91550799.285,104478163.0
Europe,2022Q2,34845662.0,25997114.716000002,17003452.0
Europe,2022Q3,33251071.0,23801416.427,30898514.0
Europe,2022Q4,39972992.0,15975819.431,21116409.0
Europe,2023Q1,6948916.0,3891927.716,3990481.0
European Union,2021Q1,71628343.0,10729086.574,36926.0
European Union,2021Q2,289336126.0,6552491.426,114608.0
European Union,2021Q3,206686261.0,4922364.859,3306318.0
European Union,2021Q4,174002586.0,16020811.714,127663205.0
European Union,2022Q1,123086718.0,69935737.715,89368549.0
European Union,2022Q2,19716436.0,23044831.858,13597443.0
European Union,2022Q3,19135022.0,19222607.995,23409442.0
European Union,2022Q4,30272402.0,13917778.425999999,17408668.0
European Union,2023Q1,4109019.0,2936704.435,2426958.0
Faeroe Islands,2021Q4,1158.0,268.286,2563.0
Faeroe Islands,2022Q1,3913.0,10696.0,6325.0
Fiji,2022Q2,24826.0,155.285,22785.0
Fiji,2022Q3,8513.0,396.999,23917.0
Fiji,2022Q4,1372.0,54.715,3499.0
Fiji,2023Q1,407.0,28.0,1061.0
Finland,2021Q3,43962.0,828.7139999999999,14871.0
Finland,2021Q4,407538.0,31294.857,1096468.0
Finland,2022Q1,1412508.0,371516.72,1649799.0
Finland,2022Q2,69486.0,35450.428,437769.0
Finland,2022Q3,83680.0,16568.858,630483.0
Finland,2022Q4,46697.0,23402.144,297075.0
Finland,2023Q1,7750.0,1778.714,47849.0
France,2021Q1,9958887.0,1371369.001,111.0
France,2021Q2,42561627.0,1339716.862,85554.0
France,2021Q3,40939189.0,1091113.859,1178539.0
France,2021Q4,27622813.0,2243450.707,21124043.0
France,2022Q1,19563225.0,15255863.141999999,14032949.0
France,2022Q2,3486837.0,5463694.711,3233161.0
France,2022Q3,4096998.0,4417735.572,3595629.0
France,2022Q4,3339175.0,3969482.426,3228149.0
France,2023Q1,967463.0,432856.002,857873.0
French Polynesia,2022Q2,12314.0,116.85600000000001,0.0
French Polynesia,2022Q3,1259.0,108.143,8475.0
French Polynesia,2022Q4,856.0,4.286,397.0
French Polynesia,2023Q1,73.0,0.0,0.0
Gabon,2022Q1,386.0,6.857,556.0
Gabon,2022Q2,1613.0,27.143,369.0
Gabon,2022Q3,115.0,39.286,105.0
Gabon,2022Q4,102.0,4.572,3.0
Gabon,2023Q1,0.0,0.0,0.0
Gambia,2022Q2,10851.0,1.144,5434.0
Gambia,2022Q3,62.0,12.714,0.0
Gambia,2022Q4,0.0,3.286,0.0
Gambia,2023Q1,8164.0,0.286,397.0
Georgia,2022Q1,5731.0,3176.286,0.0
Germany,2021Q2,39043105.0,223891.711,6089.0
Germany,2021Q3,34906058.0,481212.715,845568.0
Germany,2021Q4,43402534.0,2854475.568,33458613.0
Germany,2022Q1,25183561.0,13604643.427,18511903.0
Germany,2022Q2,5022274.0,7293493.5709999995,4178523.0
Germany,2022Q3,2822319.0,5166023.143,2694447.0
Germany,2022Q4,5859271.0,4175166.861,4475884.0
Germany,2023Q1,598055.0,954524.141,372569.0
Ghana,2022Q1,60618.0,162.285,58436.0
Ghana,2022Q2,523451.0,496.85699999999997,776501.0
Ghana,2022Q3,261087.0,210.0,556513.0
Ghana,2022Q4,174973.0,176.571,702198.0
Ghana,2023Q1,28094.0,2.571,0.0
Gibraltar,2021Q3,21.0,7.286,0.0
Gibraltar,2021Q4,20236.0,1636.997,27080.0
Gibraltar,2022Q1,4644.0,4105.144,7286.0
Gibraltar,2022Q2,760.0,262.429,1528.0
Gibraltar,2022Q4,54.0,4.143,0.0
Greece,2021Q3,435272.0,37646.714,29166.0
Greece,2021Q4,5118226.0,453867.143,3492157.0
Greece,2022Q1,3280085.0,1854112.576,2094243.0
Greece,2022Q2,590501.0,841641.287,486641.0
Greece,2022Q3,327968.0,1111093.989,303557.0
Greece,2022Q4,601453.0,675347.427,586778.0
Greece,2023Q1,99544.0,319877.862,94308.0
Grenada,2022Q1,402.0,270.999,729.0
Grenada,2022Q2,310.0,673.715,790.0
Grenada,2022Q3,237.0,293.142,469.0
Grenada,2022Q4,6.0,0.0,0.0
Guatemala,2021Q4,460997.0,2757.857,24426.0
Guatemala,2022Q1,3348142.0,126295.145,2283559.0
Guatemala,2022Q2,340485.0,15343.001,872366.0
Guatemala,2022Q3,377431.0,53192.285,669909.0
Guatemala,2022Q4,41655.0,11881.001,75607.0
Guatemala,2023Q1,48136.0,7521.001,165822.0
Guernsey,2022Q1,283.0,185.0,0.0
Guernsey,2022Q4,535.0,111.857,2050.0
Guinea,2022Q2,3499.0,14.143,0.0
Guinea,2022Q3,161032.0,56.714,180496.0
Guinea,2022Q4,77401.0,21.0,30254.0
Guinea,2023Q1,70641.0,0.0,23302.0
Guinea-Bissau,2022Q2,754.0,9.428,284.0
Guinea-Bissau,2022Q3,566.0,5.571999999999999,0.0
Guinea-Bissau,2023Q1,8.0,0.0,22.0
Guyana,2021Q4,4183.0,135.428,5309.0
Guyana,2022Q1,43103.0,4152.9980000000005,45869.0
Guyana,2022Q2,3788.0,632.287,10298.0
Guyana,2022Q3,1220.0,404.14300000000003,1816.0
Guyana,2022Q4,244.0,5.429,0.0
Guyana,2023Q1,84.0,6.286,0.0
High income,2021Q1,308459218.0,26139438.997,37118.0
High income,2021Q2,675499075.0,12863720.425999999,117116.0
High income,2021Q3,577648464.0,19885797.579,21372316.0
High income,2021Q4,496395321.0,32930215.287,281557209.0
High income,2022Q1,340918712.0,137178033.567,250719535.0
High income,2022Q2,126027405.0,48140298.006,89954433.0
High income,2022Q3,109280455.0,52726225.144,87718818.0
High income,2022Q4,134966387.0,33227220.712,75162538.0
High income,2023Q1,26067483.0,13523717.575,15071858.0
Honduras,2021Q4,220233.0,142.142,164935.0
Honduras,2022Q1,117936.0,2310.572,1333496.0
Honduras,2022Q2,351229.0,726.572,721678.0
Honduras,2022Q3,117566.0,3516.571,585308.0
Honduras,2022Q4,161637.0,662.857,1010380.0
Honduras,2023Q1,26222.0,459.14199999999994,175802.0
Hungary,2021Q3,569457.0,7093.142,462000.0
Hungary,2021Q4,2122150.0,296870.288,2360553.0
Hungary,2022Q1,892107.0,413903.711,928965.0
Hungary,2022Q2,43260.0,34122.998,73567.0
Hungary,2022Q3,10673.0,22523.857,51177.0
Hungary,2022Q4,7389.0,10654.144,55286.0
Iceland,2021Q3,20570.0,835.2860000000001,14672.0
Iceland,2021Q4,42517.0,3615.714,147343.0
Iceland,2022Q1,24483.0,30159.715,48361.0
India,2022Q1,307801121.0,7226516.569,18566736.0
India,2022Q2,129440022.0,378919.427,22379081.0
India,2022Q3,200060014.0,1098136.286,166019576.0
India,2022Q4,20987900.0,98448.14,10551458.0
India,2023Q1,5698859.0,12757.575,4525369.0
Indonesia,2022Q1,48534611.0,1470170.571,17465820.0
Indonesia,2022Q2,21621987.0,40463.0,25163174.0
Indonesia,2022Q3,2040222.0,38983.570999999996,10950381.0
Indonesia,2022Q4,540677.0,26518.001,3666940.0
Indonesia,2023Q1,40329.0,341.0,0.0
Iran,2021Q4,8572367.0,83483.143,3715660.0
Iran,2022Q1,20586514.0,848017.717,14406189.0
Iran,2022Q2,2174894.0,54000.998999999996,1274308.0
Iran,2022Q3,217456.0,12908.571,2715455.0
Iran,2022Q4,40419.0,646.429,183529.0
Iran,2023Q1,144187.0,361.0,70101.0
Iraq,2022Q1,20559.0,364.286,0.0
Iraq,2022Q2,142523.0,3051.857,36563.0
Iraq,2022Q3,69930.0,13029.571,42272.0
Iraq,2022Q4,23227.0,496.858,22697.0
Iraq,2023Q1,399.0,24.571,0.0
Ireland,2021Q3,41263.0,6580.857,5784.0
Ireland,2021Q4,2427110.0,328151.43,2270679.0
Ireland,2022Q1,1035065.0,713351.862,645103.0
Ireland,2022Q2,208501.0,148382.713,159312.0
Ireland,2022Q3,59336.0,69838.286,43762.0
Ireland,2022Q4,37543.0,25239.568,33290.0
Ireland,2023Q1,14391.0,12435.286,10959.0
Isle of Man,2021Q4,27831.0,996.428,2503.0
Isle of Man,2022Q1,7253.0,7935.57,8340.0
Isle of Man,2022Q2,70.0,413.85699999999997,265.0
Israel,2021Q3,4294578.0,427976.285,3425309.0
Israel,2021Q4,1633744.0,101528.284,790402.0
Israel,2022Q1,1387050.0,2499507.998,995836.0
Israel,2022Q2,96373.0,441062.141,72056.0
Israel,2022Q3,45088.0,341073.141,39144.0
Israel,2022Q4,331659.0,93298.857,354965.0
Israel,2023Q1,38953.0,43102.145,33116.0
Italy,2021Q3,3958772.0,73732.57,109754.0
Italy,2021Q4,25447372.0,1070177.137,19571917.0
Italy,2022Q1,25983782.0,8629215.858,19141186.0
Italy,2022Q2,2434901.0,3878302.572,2163241.0
Italy,2022Q3,2468178.0,4098665.289,2406213.0
Italy,2022Q4,2612031.0,2769641.281,2878764.0
Italy,2023Q1,433699.0,510892.43,541362.0
Jamaica,2021Q4,7950.0,345.714,1004.0
Jamaica,2022Q1,153602.0,27862.281,28456.0
Jamaica,2022Q2,41635.0,8765.999,8751.0
Jamaica,2022Q3,18632.0,5090.286,2437.0
Jamaica,2022Q4,1174.0,94.858,784.0
Jamaica,2023Q1,1438.0,158.0,417.0
Japan,2021Q4,2536884.0,5216.715,1038233.0
Japan,2022Q1,54930179.0,4640062.284,54186653.0
Japan,2022Q2,28086804.0,2878698.573,23279256.0
Japan,2022Q3,39953618.0,11852971.149,38942591.0
Japan,2022Q4,47726580.0,7563350.428,46856303.0
Japan,2023Q1,9785834.0,4571641.143,9047224.0
Jersey,2021Q3,881.0,40.858,1416.0
Jersey,2021Q4,14247.0,2144.141,46134.0
Jersey,2022Q1,4356.0,5526.714,13007.0
Jersey,2022Q2,1136.0,1067.4279999999999,5038.0
Jersey,2022Q3,1287.0,988.573,1188.0
Jersey,2022Q4,2580.0,714.141,221.0
Jersey,2023Q1,102.0,141.715,28.0
Jordan,2022Q1,14808.0,2802.857,32388.0
Jordan,2022Q2,19124.0,601.999,25185.0
Jordan,2022Q3,3873.0,2162.857,9390.0
Kazakhstan,2022Q1,2738805.0,22058.571,406411.0
Kenya,2021Q4,79137.0,2578.857,0.0
Kenya,2022Q1,6241307.0,32041.425,255410.0
Kenya,2022Q2,114854.0,615.857,90318.0
Kenya,2022Q3,99526.0,42.571,496074.0
Kenya,2022Q4,102028.0,310.001,188295.0
Kenya,2023Q1,13086.0,8.142,108283.0
Kiribati,2022Q2,622.0,2.143,3456.0
Kiribati,2022Q3,209.0,0.0,944.0
Kiribati,2022Q4,2301.0,0.0,9186.0
Kiribati,2023Q1,572.0,2.5719999999999996,1667.0
Kosovo,2021Q4,1435.0,9.857,0.0
Kosovo,2022Q1,122758.0,61153.432,73172.0
Kosovo,2022Q2,7647.0,1285.149,2975.0
Kosovo,2022Q3,4907.0,39223.141,1934.0
Kosovo,2022Q4,684.0,145.567,236.0
Kosovo,2023Q1,61.0,63.288,67.0
Kuwait,2021Q4,56232.0,173.572,272224.0
Kuwait,2022Q1,8822.0,163.429,0.0
Kuwait,2022Q2,43770.0,2501.856,186578.0
Kuwait,2022Q3,11952.0,1940.571,51484.0
Kuwait,2022Q4,7039.0,478.14300000000003,23743.0
Kuwait,2023Q1,476.0,227.572,252.0
Latvia,2021Q1,130456.0,61759.142,5.0
Latvia,2021Q2,954306.0,36281.144,11.0
Latvia,2021Q3,530348.0,18303.001,189.0
Latvia,2021Q4,918051.0,117871.574,258265.0
Latvia,2022Q1,339651.0,519409.427,256572.0
Latvia,2022Q2,19577.0,41190.434,13090.0
Latvia,2022Q3,1306.0,5473.144,694.0
Lebanon,2021Q4,435012.0,19096.142,30444.0
Lebanon,2022Q1,938584.0,374120.568,264658.0
Lebanon,2022Q2,77050.0,5748.43,38947.0
Lebanon,2022Q3,12835.0,13280.857,35383.0
Lebanon,2022Q4,3260.0,599.285,9107.0
Lesotho,2022Q2,1796.0,0.0,0.0
Lesotho,2022Q3,2802.0,11.428,16958.0
Lesotho,2022Q4,4404.0,0.0,11824.0
Lesotho,2023Q1,2326.0,0.0,10990.0
Liberia,2022Q1,2522.0,0.571,0.0
Liberia,2022Q2,121129.0,1.714,0.0
Liberia,2022Q3,44840.0,9.0,0.0
Liberia,2022Q4,71782.0,5.287,0.0
Libya,2022Q1,158389.0,23891.858,43483.0
Libya,2022Q2,16892.0,48.429,31122.0
Libya,2022Q3,14288.0,585.573,37228.0
Libya,2022Q4,503.0,5.714,0.0
Libya,2023Q1,218.0,0.143,0.0
Liechtenstein,2021Q4,13029.0,2148.146,12172.0
Liechtenstein,2022Q1,5912.0,5431.717,5676.0
Liechtenstein,2022Q2,66.0,391.284,306.0
Liechtenstein,2022Q3,289.0,621.714,673.0
Liechtenstein,2022Q4,1547.0,800.145,2620.0
Liechtenstein,2023Q1,9.0,9.572,56.0
Lithuania,2021Q1,309920.0,20163.14,13.0
Lithuania,2021Q2,1700235.0,65064.713,284.0
Lithuania,2021Q3,1018581.0,48684.716,28094.0
Lithuania,2021Q4,868814.0,189886.43,621762.0
Lithuania,2022Q1,367902.0,580857.858,268637.0
Lithuania,2022Q2,22654.0,58209.432,13071.0
Lithuania,2022Q3,10765.0,73607.291,5215.0
Lithuania,2022Q4,33048.0,35653.286,3732.0
Lithuania,2023Q1,3655.0,14877.856,694.0
Low income,2022Q1,42371337.0,110676.857,3096003.0
Low income,2022Q2,47928602.0,53431.861,2892063.0
Low income,2022Q3,37289478.0,59579.138,3261387.0
Low income,2022Q4,41758465.0,24056.858,3988638.0
Low income,2023Q1,16708544.0,19862.286,5406085.0
Lower middle income,2021Q3,732361002.0,7798908.427,943036.0
Lower middle income,2021Q4,1290567861.0,5742638.285,16211247.0
Lower middle income,2022Q1,979670828.0,23667300.137,172228527.0
Lower middle income,2022Q2,398450512.0,2637225.288,124014703.0
Lower middle income,2022Q3,412788749.0,3758457.429,250007889.0
Lower middle income,2022Q4,167062964.0,950102.002,46458231.0
Lower middle income,2023Q1,69934671.0,186967.431,25938018.0
Luxembourg,2021Q1,6298.0,732.0,0.0
Luxembourg,2021Q2,402214.0,8893.282,5.0
Luxembourg,2021Q3,241266.0,6980.282,3662.0
Luxembourg,2021Q4,270012.0,22112.145,204218.0
Luxembourg,2022Q1,202047.0,99043.002,161318.0
Luxembourg,2022Q2,19536.0,42961.288,20053.0
Luxembourg,2022Q3,40425.0,27166.999,42892.0
Luxembourg,2022Q4,21077.0,19231.854,22067.0
Luxembourg,2023Q1,2625.0,4078.857,3025.0
Madagascar,2022Q2,7434.0,29.143,16736.0
Madagascar,2022Q3,31281.0,111.144,24139.0
Madagascar,2022Q4,28438.0,106.143,15153.0
Madagascar,2023Q1,19047.0,11.858,14279.0
Malawi,2022Q2,5678.0,13.714,0.0
Malawi,2022Q3,61198.0,78.285,151002.0
Malawi,2022Q4,117265.0,3.857,1610129.0
Malawi,2023Q1,38722.0,15.857,0.0
Malaysia,2021Q3,9441467.0,534771.146,259.0
Malaysia,2021Q4,13345777.0,548094.716,6348284.0
Malaysia,2022Q1,11592028.0,1390507.859,9493721.0
Malaysia,2022Q2,2528083.0,421669.43,388070.0
Malaysia,2022Q3,719356.0,276844.431,452112.0
Malaysia,2022Q4,194987.0,191160.288,165071.0
Malaysia,2023Q1,236756.0,20046.433,213918.0
Maldives,2021Q4,23395.0,3808.143,20535.0
Maldives,2022Q1,88146.0,55577.138,128350.0
Maldives,2022Q2,1019.0,476.28499999999997,5740.0
Maldives,2022Q3,438.0,292.715,1757.0
Maldives,2022Q4,58.0,47.285,224.0
Maldives,2023Q1,2.0,0.286,0.0
Malta,2022Q4,32017.0,856.854,14092.0
Malta,2023Q1,1987.0,617.712,3236.0
Mauritania,2022Q1,14928.0,20.999,14010.0
Mauritania,2022Q2,53519.0,77.142,172146.0
Mauritania,2022Q3,256.0,198.572,77805.0
Mauritania,2022Q4,93163.0,32.429,88048.0
Mauritania,2023Q1,294.0,0.143,52.0
Mauritius,2022Q1,16521.0,12772.001,179731.0
Mauritius,2022Q2,4737.0,661.144,19107.0
Mauritius,2022Q3,2577.0,3362.143,10439.0
Mauritius,2022Q4,324.0,2515.143,897.0
Mauritius,2023Q1,95.0,283.85699999999997,513.0
Mexico,2022Q2,3450140.0,30068.714,9908813.0
Mexico,2022Q3,35311.0,89042.856,402968.0
Mexico,2022Q4,642161.0,1333.857,12578.0
Moldova,2022Q1,3202.0,495.286,0.0
Moldova,2022Q3,1244.0,1882.0,8999.0
Moldova,2022Q4,702.0,95.142,6984.0
Moldova,2023Q1,531.0,303.71500000000003,2185.0
Monaco,2021Q4,158.0,44.143,0.0
Mongolia,2021Q4,169864.0,4896.142,86986.0
Mongolia,2022Q1,124039.0,181836.859,115872.0
Mongolia,2022Q2,4377.0,1384.142,11461.0
Montenegro,2021Q4,70291.0,3666.7129999999997,8797.0
Montenegro,2022Q1,33142.0,57204.567,18680.0
Montenegro,2022Q2,6131.0,6123.72,2762.0
Montenegro,2022Q3,2984.0,26909.144,1554.0
Montserrat,2022Q1,4.0,0.0,0.0
Montserrat,2022Q2,8.0,28.286,0.0
Montserrat,2022Q3,12.0,28.857,0.0
Montserrat,2022Q4,2.0,1.0,53.0
Morocco,2022Q1,193517.0,1619.5700000000002,835224.0
Morocco,2022Q2,69500.0,5967.429,377992.0
Morocco,2022Q3,66795.0,5230.858,278623.0
Morocco,2023Q1,3431.0,111.428,9165.0
Mozambique,2022Q1,9100.0,100.43,200068.0
Mozambique,2022Q2,6500.0,93.571,68482.0
Mozambique,2022Q3,10400.0,148.0,189444.0
Mozambique,2022Q4,861172.0,47.429,260655.0
Mozambique,2023Q1,15100.0,99.428,75926.0
Myanmar,2022Q1,725779.0,1229.4279999999999,53230.0
Myanmar,2022Q2,2567717.0,574.431,1119981.0
Namibia,2022Q2,381.0,608.428,39403.0
Namibia,2022Q3,9421.0,33.001,14334.0
Namibia,2022Q4,695.0,19.571,425.0
Namibia,2023Q1,662.0,53.714,189174.0
Nauru,2022Q2,293.0,0.143,0.0
Nauru,2022Q3,58.0,275.714,0.0
Nauru,2022Q4,12.0,0.0,0.0
Nauru,2023Q1,55.0,40.0,0.0
Nepal,2022Q1,3440685.0,3800.711,1342369.0
Nepal,2022Q2,5152745.0,970.86,4026149.0
Nepal,2022Q3,1619782.0,2343.715,1739496.0
Nepal,2022Q4,179647.0,132.285,261601.0
Nepal,2023Q1,42079.0,9.857,292678.0
Netherlands,2021Q4,838788.0,158882.286,4859183.0
Netherlands,2022Q1,741049.0,650067.429,2352931.0
Netherlands,2022Q2,253769.0,68883.999,206907.0
Netherlands,2022Q3,90179.0,34267.856,95280.0
New Caledonia,2022Q2,13405.0,390.14300000000003,2195.0
New Caledonia,2022Q3,201.0,334.572,429.0
New Caledonia,2022Q4,113.0,583.001,517.0
New Caledonia,2023Q1,767.0,62.858000000000004,1752.0
New Zealand,2021Q1,24118.0,37.714999999999996,0.0
New Zealand,2021Q2,1062353.0,245.709,14.0
New Zealand,2021Q3,3979186.0,1467.712,205.0
New Zealand,2021Q4,3035293.0,9732.57,357748.0
New Zealand,2022Q1,2808477.0,599341.569,2262351.0
New Zealand,2022Q2,181418.0,697122.289,114044.0
New Zealand,2022Q3,642557.0,447964.289,599303.0
New Zealand,2022Q4,185919.0,286815.289,171967.0
New Zealand,2023Q1,30682.0,116055.288,26289.0
Nicaragua,2023Q1,425219.0,2.429,0.0
Nigeria,2022Q1,197628.0,27.571,0.0
Nigeria,2022Q2,1870761.0,112.858,342246.0
Nigeria,2022Q3,1452134.0,444.28499999999997,2541796.0
Nigeria,2022Q4,1838123.0,97.429,3611435.0
Nigeria,2023Q1,346170.0,1.857,1104661.0
Niue,2022Q1,5.0,0.143,0.0
Niue,2022Q4,72.0,0.143,71.0
North America,2021Q1,136816686.0,4891485.283,66.0
North America,2021Q2,262677583.0,4720871.715,1535.0
North America,2021Q3,181665682.0,12302959.28,7548000.0
North America,2021Q4,212728733.0,11046127.712,82805966.0
North America,2022Q1,127187542.0,31845616.429,47827564.0
North America,2022Q2,66159728.0,8338240.568,83170872.0
North America,2022Q3,44880881.0,11117064.861,17347205.0
North America,2022Q4,57880111.0,4983370.717,6626848.0
North America,2023Q1,12357196.0,3598369.435,3967662.0
North Macedonia,2021Q3,9665.0,797.0,44.0
North Macedonia,2021Q4,75692.0,9277.002,95143.0
North Macedonia,2022Q1,7183.0,8301.001,34470.0
North Macedonia,2022Q2,1060.0,980.999,5738.0
North Macedonia,2022Q3,773.0,2146.0,2370.0
North Macedonia,2022Q4,62.0,152.714,233.0
North Macedonia,2023Q1,6.0,65.857,4.0
Norway,2021Q1,42739.0,1605.429,1.0
Norway,2021Q2,3153658.0,36964.421,279.0
Norway,2021Q3,3734288.0,56722.858,19912.0
Norway,2021Q4,1907084.0,195381.002,1546453.0
Norway,2022Q1,1577255.0,1017453.852,1379322.0
Norway,2022Q2,101017.0,44958.279,76629.0
Norway,2022Q3,527160.0,16410.429,563051.0
Norway,2022Q4,168143.0,3793.573,154151.0
Oceania,2021Q1,345086.0,2448.715,0.0
Oceania,2021Q2,8600958.0,17588.713,14.0
Oceania,2021Q3,25137101.0,155213.858,205.0
Oceania,2021Q4,19482624.0,260821.426,2738104.0
Oceania,2022Q1,17111953.0,4532390.859,12795036.0
Oceania,2022Q2,4903332.0,4661747.137,3879529.0
Oceania,2022Q3,3837889.0,2737532.0,3572824.0
Oceania,2022Q4,903981.0,1141528.291,768814.0
Oceania,2023Q1,192010.0,469044.284,168274.0
Oman,2021Q4,0.0,15.286,0.0
Oman,2022Q1,8716.0,223.143,9211.0
Oman,2022Q2,4806.0,200.714,22377.0
Oman,2022Q3,676.0,343.858,8189.0
Oman,2022Q4,184.0,25.714999999999996,694.0
Pakistan,2022Q1,24918384.0,83100.428,3913366.0
Pakistan,2022Q2,24453105.0,7618.001,17542200.0
Pakistan,2022Q3,21362822.0,26314.285,19763168.0
Pakistan,2022Q4,5012167.0,1472.282,4339043.0
Pakistan,2023Q1,980348.0,178.571,744327.0
Palestine,2021Q4,128877.0,8761.286,696.0
Palestine,2022Q1,2429.0,155.429,0.0
Palestine,2022Q2,4545.0,699.857,7433.0
Palestine,2022Q3,497.0,2638.571,2793.0
Palestine,2022Q4,106.0,5.286,0.0
Panama,2021Q4,117990.0,2948.713,267166.0
Panama,2022Q1,296949.0,40677.714,1139597.0
Panama,2022Q2,74875.0,25945.573,303289.0
Panama,2022Q3,34202.0,9162.0,203027.0
Panama,2022Q4,4344.0,1210.143,24726.0
Panama,2023Q1,9335.0,784.43,18983.0
Papua New Guinea,2022Q3,4483.0,18.715,5152.0
Papua New Guinea,2022Q4,3883.0,178.571,3566.0
Papua New Guinea,2023Q1,1894.0,8.429,1284.0
Paraguay,2021Q4,279388.0,825.2860000000001,409406.0
Paraguay,2022Q1,244139.0,26934.142,646973.0
Paraguay,2022Q2,39919.0,855.713,257537.0
Paraguay,2022Q3,69211.0,8391.572,375130.0
Paraguay,2022Q4,9651.0,350.0,61723.0
Paraguay,2023Q1,13800.0,2244.858,91586.0
Peru,2021Q4,18998044.0,95810.285,4147874.0
Peru,2022Q1,17360249.0,1265487.571,8969882.0
Peru,2022Q2,10043993.0,68691.715,7540877.0
Peru,2022Q3,6629289.0,527671.0,5528696.0
Peru,2022Q4,2224574.0,304552.429,1626753.0
Peru,2023Q1,1445604.0,41749.43,1190703.0
Philippines,2021Q4,13910697.0,5631.141,1598891.0
Philippines,2022Q1,14754738.0,452368.427,9867060.0
Philippines,2022Q2,2816739.0,4660.715,2671937.0
Philippines,2022Q3,1437302.0,30174.713,4308711.0
Philippines,2022Q4,479213.0,13928.857,1301799.0
Philippines,2023Q1,106170.0,1762.5720000000001,384884.0
Pitcairn,2022Q3,0.0,0.0,0.0
Poland,2021Q4,6810685.0,935079.713,6028439.0
Poland,2022Q1,6643308.0,1694119.998,4848778.0
Poland,2022Q2,590108.0,49261.288,428588.0
Poland,2022Q3,2088831.0,263397.996,2134161.0
Poland,2022Q4,1021545.0,81403.712,872829.0
Poland,2023Q1,153015.0,83510.431,115614.0
Portugal,2021Q1,249442.0,58095.572,34365.0
Portugal,2021Q2,972360.0,8423.715,8911.0
Portugal,2021Q3,1086648.0,29156.858,8683.0
Portugal,2021Q4,541883.0,41927.572,3080574.0
Portugal,2022Q1,545924.0,329284.857,2800971.0
Portugal,2022Q2,130726.0,204813.431,396908.0
Portugal,2022Q3,134023.0,55440.998,141462.0
Portugal,2022Q4,335723.0,10240.713,80709.0
Portugal,2023Q1,20982.0,1823.57,10796.0
Qatar,2022Q1,641712.0,18302.714,515538.0
Qatar,2022Q2,250127.0,9344.859,225101.0
Qatar,2022Q3,61071.0,8598.714,82022.0
Qatar,2022Q4,16206.0,6129.715,18702.0
Qatar,2023Q1,598.0,605.142,2101.0
Russia,2021Q3,1609905.0,148648.715,66370.0
Russia,2021Q4,45709909.0,2423899.002,6634443.0
Russia,2022Q1,13781366.0,4836208.003,5558429.0
Russia,2022Q2,2311243.0,301583.998,1323896.0
Russia,2022Q3,3944317.0,1141702.713,3647254.0
Russia,2022Q4,1664338.0,293531.998,1120832.0
Russia,2023Q1,416173.0,125153.286,615137.0
Rwanda,2022Q1,738280.0,938.143,2315243.0
Rwanda,2022Q2,0.0,15.0,413853.0
Rwanda,2022Q3,41733.0,21.144,1370065.0
Rwanda,2022Q4,0.0,12.0,316637.0
Rwanda,2023Q1,0.0,8.429,0.0
Saint Kitts and Nevis,2021Q4,480.0,12.428,720.0
Saint Kitts and Nevis,2022Q1,705.0,582.856,1146.0
Saint Kitts and Nevis,2022Q3,267.0,8.143,22.0
Saint Kitts and Nevis,2022Q4,1.0,0.0,0.0
Saint Lucia,2022Q1,2362.0,108.858,229.0
Saint Lucia,2022Q2,583.0,686.428,690.0
Saint Lucia,2022Q3,239.0,371.143,197.0
Saint Lucia,2022Q4,15.0,22.571,7.0
Saint Vincent and the Grenadines,2022Q1,3067.0,299.0,1339.0
Saint Vincent and the Grenadines,2022Q2,315.0,93.0,420.0
Saint Vincent and the Grenadines,2022Q3,152.0,53.144,232.0
Saint Vincent and the Grenadines,2022Q4,25.0,3.0,28.0
Saint Vincent and the Grenadines,2023Q1,13.0,1.572,20.0
Samoa,2022Q2,11705.0,1463.571,44081.0
Samoa,2022Q3,799.0,21.857999999999997,3688.0
Samoa,2022Q4,110.0,0.857,386.0
Samoa,2023Q1,278.0,14.858,2757.0
San Marino,2022Q1,385.0,376.286,6700.0
San Marino,2022Q2,145.0,165.286,222.0
Sao Tome and Principe,2022Q2,1266.0,6.714,19657.0
Sao Tome and Principe,2022Q3,473.0,9.429,6851.0
Sao Tome and Principe,2022Q4,34.0,3.428,787.0
Saudi Arabia,2021Q4,4380653.0,4927.143,2436401.0
Saudi Arabia,2022Q1,9900915.0,173351.427,7977701.0
Senegal,2022Q1,6049.0,5.429,0.0
Senegal,2022Q2,6049.0,17.428,0.0
Senegal,2022Q3,0.0,129.142,6163.0
Senegal,2022Q4,14198.0,27.429,116872.0
Senegal,2023Q1,6773.0,1.572,90158.0
Serbia,2021Q3,559084.0,124164.14199999999,554206.0
Serbia,2021Q4,859312.0,164914.287,1138826.0
Serbia,2022Q1,91794.0,260861.142,125042.0
Serbia,2022Q2,3286.0,3749.8579999999997,5253.0
Seychelles,2022Q1,283.0,138.286,7566.0
Seychelles,2022Q2,420.0,241.999,4715.0
Seychelles,2022Q3,210.0,60.285,818.0
Seychelles,2022Q4,265.0,231.571,956.0
Seychelles,2023Q1,11.0,0.0,0.0
Sierra Leone,2022Q1,77453.0,0.286,0.0
Sierra Leone,2022Q2,69492.0,2.142,7505.0
Sierra Leone,2022Q3,21314.0,3.858,7653.0
Sierra Leone,2022Q4,133500.0,1.001,274794.0
Sierra Leone,2023Q1,69672.0,0.0,143675.0
Singapore,2021Q3,343241.0,17907.284,241647.0
Singapore,2021Q4,2309771.0,190045.43,1937059.0
Singapore,2022Q1,2362753.0,794140.145,1707167.0
Singapore,2022Q2,505539.0,338319.001,371058.0
Singapore,2022Q3,158921.0,483822.422,124854.0
Singapore,2022Q4,29524.0,155741.28399999999,24571.0
Sint Maarten (Dutch part),2022Q1,28.0,4.0,0.0
Sint Maarten (Dutch part),2022Q2,45.0,22.142,129.0
Sint Maarten (Dutch part),2022Q3,48.0,7.572,110.0
Sint Maarten (Dutch part),2022Q4,18.0,1.572,48.0
Sint Maarten (Dutch part),2023Q1,16.0,0.286,0.0
Slovakia,2021Q1,141596.0,24349.57,4.0
Slovakia,2021Q2,392895.0,4805.858,2.0
Slovakia,2021Q3,140972.0,2419.572,46.0
Slovakia,2021Q4,34636.0,10755.0,121371.0
Slovakia,2022Q1,80668.0,123113.715,399192.0
Slovakia,2022Q2,2762.0,15269.428,10878.0
Slovakia,2022Q3,544.0,3352.572,2383.0
Slovenia,2021Q3,605963.0,32774.999,22370.0
Slovenia,2021Q4,670401.0,165723.712,443984.0
Slovenia,2022Q1,228367.0,501353.429,173981.0
Slovenia,2022Q2,18069.0,71352.573,15709.0
Slovenia,2022Q3,263.0,2601.714,124.0
Solomon Islands,2022Q2,12751.0,684.143,1546.0
Solomon Islands,2022Q3,5172.0,0.0,15644.0
Solomon Islands,2022Q4,13233.0,0.0,9796.0
South Africa,2022Q1,3446309.0,123209.857,1793340.0
South Africa,2022Q2,3100424.0,271196.14400000003,1222789.0
South Africa,2022Q3,739207.0,22208.145,269613.0
South Africa,2022Q4,385822.0,26991.427,134427.0
South Africa,2023Q1,8521.0,170.429,0.0
South America,2020Q4,35822.0,184482.999,0.0
South America,2021Q1,38835725.0,7794014.142,111.0
South America,2021Q2,141175116.0,11760815.573,843.0
South America,2021Q3,260648218.0,5285209.428,5456326.0
South America,2021Q4,208742136.0,1915730.283,49166337.0
South America,2022Q1,161775831.0,16263863.287,93438151.0
South America,2022Q2,77705709.0,3386010.144,58026290.0
South America,2022Q3,39150102.0,4680027.857,25739919.0
South America,2022Q4,16018739.0,2612900.859,11418346.0
South America,2023Q1,9334897.0,1354876.57,6823185.0
South Korea,2021Q1,858546.0,13964.999,1.0
South Korea,2021Q2,18268103.0,53336.572,47.0
South Korea,2021Q3,42447744.0,148419.429,3088.0
South Korea,2021Q4,40235659.0,312903.287,18484354.0
South Korea,2022Q1,19100268.0,11483567.855,14528315.0
South Korea,2022Q2,5060022.0,6233881.428,4714827.0
South Korea,2022Q3,3324617.0,6343602.142,3230146.0
South Korea,2022Q4,316885.0,2893729.573,260166.0
Spain,2021Q4,8770216.0,670003.862,13477491.0
Spain,2022Q1,6309070.0,3432679.8540000003,10235423.0
Spain,2022Q2,165590.0,165587.857,840314.0
Spain,2022Q3,89937.0,96886.427,460981.0
Spain,2022Q4,1198472.0,36824.856,395728.0
Spain,2023Q1,189555.0,12274.144,116939.0
Sri Lanka,2021Q4,3542417.0,16675.717,2925417.0
Sri Lanka,2022Q1,5113723.0,67829.715,3814828.0
Sri Lanka,2022Q2,39579.0,367.0,99629.0
Sri Lanka,2022Q3,35088.0,688.7139999999999,177207.0
Sri Lanka,2022Q4,12274.0,52.571,39755.0
Sudan,2022Q1,26284.0,9.429,0.0
Sudan,2022Q2,303105.0,61.856,13151.0
Sudan,2022Q4,58802.0,10.572000000000001,429641.0
Sudan,2023Q1,162893.0,6.714,544262.0
Suriname,2022Q1,1243.0,1314.572,6663.0
Suriname,2022Q2,88.0,51.857,763.0
Sweden,2022Q3,165515.0,4545.285,1111082.0
Sweden,2022Q4,212398.0,11970.144,1173945.0
Sweden,2023Q1,24792.0,2648.285,120068.0
Switzerland,2021Q1,1473683.0,153978.858,98.0
Switzerland,2021Q2,5868308.0,106178.715,101.0
Switzerland,2021Q3,3056435.0,134197.72,376.0
Switzerland,2021Q4,3285825.0,449750.56799999997,2202326.0
Switzerland,2022Q1,1948297.0,2134641.571,1498281.0
Switzerland,2022Q2,120008.0,280126.288,100448.0
Switzerland,2022Q3,248558.0,335963.287,230174.0
Switzerland,2022Q4,852582.0,282230.291,800028.0
Switzerland,2023Q1,55320.0,14576.286,42749.0
Syria,2022Q2,68594.0,16.857,27269.0
Syria,2022Q3,44344.0,95.143,26050.0
Syria,2022Q4,5333.0,2.0,0.0
Syria,2023Q1,1140.0,0.0,0.0
Tajikistan,2022Q1,151582.0,0.0,1087120.0
Tajikistan,2022Q2,241946.0,0.0,2599725.0
Tajikistan,2022Q3,22302.0,0.0,0.0
Tajikistan,2022Q4,32665.0,0.0,0.0
Tanzania,2022Q3,218295.0,48.571,0.0
Thailand,2021Q3,25353523.0,820523.428,447558.0
Thailand,2021Q4,50214923.0,587969.14,5914894.0
Thailand,2022Q1,24611910.0,1337436.855,16355635.0
Thailand,2022Q2,9873323.0,963502.573,5429498.0
Thailand,2022Q3,3788508.0,163315.0,2689635.0
Timor,2022Q1,6413.0,4.571999999999999,4642.0
Timor,2022Q2,42108.0,15.427999999999999,97702.0
Timor,2022Q3,15968.0,32.856,61881.0
Timor,2022Q4,20998.0,16.858999999999998,92011.0
Timor,2023Q1,1465.0,1.286,3767.0
Togo,2022Q1,3290.0,4.429,0.0
Togo,2022Q2,14540.0,11.285,17639.0
Togo,2022Q3,7299.0,90.143,64913.0
Togo,2022Q4,8532.0,46.142,293037.0
Togo,2023Q1,136.0,0.715,0.0
Tokelau,2022Q3,62.0,0.0,0.0
Tokelau,2022Q4,42.0,0.0,0.0
Tonga,2022Q2,3046.0,450.429,17290.0
Tonga,2022Q3,297.0,353.429,184.0
Tonga,2022Q4,60.0,4.143,249.0
Tonga,2023Q1,1.0,0.857,0.0
Trinidad and Tobago,2021Q4,148280.0,29515.713,76047.0
Trinidad and Tobago,2022Q1,130407.0,43107.143000000004,69089.0
Trinidad and Tobago,2022Q2,22370.0,22546.0,19866.0
Trinidad and Tobago,2022Q3,5865.0,10776.86,2256.0
Tunisia,2021Q4,2777073.0,11250.004,827366.0
Tunisia,2022Q1,955798.0,275434.714,307340.0
Tunisia,2022Q2,11498.0,828.714,49753.0
Tunisia,2022Q3,660.0,97.143,2742.0
Tunisia,2022Q4,1949.0,193.143,7237.0
Tunisia,2023Q1,5345.0,490.5729999999999,1236.0
Turkey,2021Q2,808139.0,5488.571,0.0
Turkey,2021Q3,59946325.0,1609937.285,10597213.0
Turkey,2021Q4,21592719.0,2302133.002,11901061.0
Turkey,2022Q1,16379019.0,5421582.715,12853023.0
Turkey,2022Q2,791022.0,252615.29,581199.0
Turkey,2022Q3,4459418.0,1765590.844,4339634.0
Turkey,2022Q4,173074.0,72867.855,198591.0
Turkmenistan,2022Q4,4201.0,0.0,0.0
Turks and Caicos Islands,2022Q3,76.0,1.429,0.0
Turks and Caicos Islands,2023Q1,7.0,0.0,0.0
Tuvalu,2022Q3,265.0,0.0,249.0
Uganda,2022Q1,59162.0,35.286,5487.0
Uganda,2022Q2,342535.0,250.713,30888.0
Uganda,2022Q3,378993.0,202.285,242606.0
Uganda,2022Q4,39396.0,22.714,22159.0
Uganda,2023Q1,0.0,0.0,0.0
Ukraine,2021Q4,1564493.0,95071.572,9501.0
Ukraine,2022Q1,3111772.0,1040942.431,731325.0
United Arab Emirates,2021Q3,1989468.0,24854.715,663599.0
United Arab Emirates,2021Q4,1802526.0,6916.572,940502.0
United Arab Emirates,2022Q1,1326316.0,102517.005,1314285.0
United Arab Emirates,2022Q2,18078.0,2174.0,128323.0
United Kingdom,2021Q3,187351.0,34786.0,0.0
United Kingdom,2021Q4,38550516.0,4999110.575,33069684.0
United Kingdom,2022Q1,9641720.0,8048026.145,4713952.0
United Kingdom,2022Q2,7707422.0,1753834.862,1160207.0
United Kingdom,2022Q3,1616734.0,869031.568,364867.0
United States,2021Q1,124165833.0,4087282.143,39.0
United States,2021Q2,174769302.0,3346934.854,253.0
United States,2021Q3,62216538.0,9392466.288,6356183.0
United States,2021Q4,117759915.0,9764224.142,70596804.0
United States,2022Q1,49160791.0,26854178.861,24932915.0
United States,2022Q2,32106273.0,6689100.996,22300299.0
United States,2022Q3,13530789.0,6993373.567,7186379.0
Upper middle income,2020Q4,814845.0,436991.71499999997,0.0
Upper middle income,2021Q1,170947307.0,13322673.998,97.0
Upper middle income,2021Q2,1356772247.0,17267333.142,299162.0
Upper middle income,2021Q3,1590639928.0,17460111.715,14541012.0
Upper middle income,2021Q4,1041150944.0,11545022.716,199267592.0
Upper middle income,2022Q1,767070570.0,37403785.999,724207259.0
Upper middle income,2022Q2,261425281.0,9908510.578,210018925.0
Upper middle income,2022Q3,108207821.0,14091759.004,60059172.0
Upper middle income,2022Q4,73123688.0,71351850.283,24014913.0
Upper middle income,2023Q1,29834938.0,26367376.284,20365722.0
Uruguay,2021Q1,583747.0,38359.425,13.0
Uruguay,2021Q2,3270015.0,270576.283,522.0
Uruguay,2021Q3,2374023.0,25150.578,1007726.0
Uruguay,2021Q4,727626.0,19394.569,511452.0
Uruguay,2022Q1,1065713.0,475253.427,692952.0
Uruguay,2022Q2,626864.0,71650.146,552044.0
Uruguay,2022Q3,80253.0,27498.573,50354.0
Uruguay,2022Q4,19349.0,20938.852,21350.0
Uruguay,2023Q1,95520.0,17577.286,169751.0
Uzbekistan,2022Q1,152246.0,72.0,626728.0
Uzbekistan,2022Q2,1201636.0,331.14300000000003,7273008.0
Uzbekistan,2022Q3,423711.0,118.715,1132350.0
Uzbekistan,2022Q4,209737.0,166.0,387010.0
Uzbekistan,2023Q1,138532.0,91.856,269676.0
Vanuatu,2022Q2,10486.0,720.0,10264.0
Vanuatu,2022Q3,707.0,3.8569999999999998,5356.0
Vanuatu,2022Q4,103.0,0.0,440.0
Vanuatu,2023Q1,696.0,0.0,0.0
Venezuela,2022Q1,356201.0,4151.286,449425.0
Venezuela,2022Q4,0.0,70.714,0.0
Vietnam,2022Q1,15363741.0,4351457.286,18718891.0
Vietnam,2022Q2,9355962.0,1034407.854,7479414.0
Vietnam,2022Q4,499466.0,3548.715,1185557.0
Vietnam,2023Q1,99359.0,258.714,324139.0
Wallis and Futuna,2022Q2,472.0,0.0,174.0
Wallis and Futuna,2022Q4,170.0,379.143,541.0
Wallis and Futuna,2023Q1,1.0,0.0,0.0
World,2020Q4,2513637.0,1708825.0,0.0
World,2021Q1,575659176.0,45388476.71,37215.0
World,2021Q2,2422664275.0,54197697.43,416278.0
World,2021Q3,3222942387.0,51518844.995,36868821.0
World,2021Q4,2880868464.0,50512352.145,497036048.0
World,2022Q1,2143093930.0,199163112.14699998,1151015769.0
World,2022Q2,833841481.0,60948153.285,426890186.0
World,2022Q3,667568376.0,70768509.147,401048151.0
World,2022Q4,416914586.0,105595624.571,149624703.0
World,2023Q1,142545680.0,40111091.003,66781714.0
Yemen,2022Q2,2028.0,0.143,49.0
Yemen,2022Q3,7464.0,5.715,33427.0
Yemen,2022Q4,8886.0,0.857,4255.0
Yemen,2023Q1,703.0,0.0,2031.0
Zambia,2022Q1,62049.0,730.571,10643.0
Zimbabwe,2021Q4,42443.0,6012.715,1302.0
Zimbabwe,2022Q1,1589386.0,39376.713,373360.0
Zimbabwe,2022Q2,2879276.0,8731.857,488970.0
Zimbabwe,2022Q3,297776.0,1349.574,131533.0
Zimbabwe,2022Q4,14886.0,116.714,3353.0
